full_date,day_of_week,morning,afternoon,evening,full_day
2018-01-01,Monday,827,2424,2260,8205
2018-01-02,Tuesday,2282,3169,3491,13614
2018-01-03,Wednesday,2664,3253,3745,15052
2018-01-04,Thursday,2460,2997,3664,14166
2018-01-05,Friday,40963,48230,51307,238903
2018-01-06,Saturday,27090,43484,42680,192618
2018-01-07,Sunday,18621,38819,37390,152981
2018-01-08,Monday,43201,39505,43884,213852
2018-01-09,Tuesday,45394,43938,49010,235303
2018-01-10,Wednesday,45464,43721,48701,235458
2018-01-11,Thursday,44196,46365,47247,238434
2018-01-12,Friday,1526,1781,1298,7585
2018-01-13,Saturday,665,2225,2122,7121
2018-01-14,Sunday,876,2672,2267,8399
2018-01-15,Monday,2402,3311,3534,14177
2018-01-16,Tuesday,1292,1559,1708,7158
2018-01-17,Wednesday,1891,2437,2947,11063
2018-01-18,Thursday,2540,3127,3744,14527
2018-01-19,Friday,2756,3526,4386,16870
2018-01-31,Wednesday,45967,44987,49519,239816
2018-02-01,Thursday,61092,57385,64373,308518
2018-02-02,Friday,64544,68290,73018,348394
2018-02-03,Saturday,37367,66302,66158,281312
2018-02-04,Sunday,24916,52973,48553,206201
2018-02-05,Monday,61594,55373,71239,310120
2018-02-06,Tuesday,62253,55812,64042,305097
2018-02-07,Wednesday,54026,55112,64018,285136
2018-02-08,Thursday,61332,58019,70232,316296
2018-02-09,Friday,61570,64813,75510,341469
2018-02-10,Saturday,32363,58518,58423,248326
2018-02-11,Sunday,25120,54415,52039,209950
2018-02-12,Monday,63450,60006,70732,319513
2018-02-13,Tuesday,64895,61332,75252,335761
2018-02-14,Wednesday,61064,59423,68779,320687
2018-02-15,Thursday,65468,63213,73047,338378
2018-02-16,Friday,61262,62301,65673,327292
2018-02-17,Saturday,33354,55389,59079,250723
2018-02-18,Sunday,28420,60478,57844,234856
2018-02-19,Monday,55668,59978,63293,296456
2018-02-20,Tuesday,63119,57105,61564,309127
2018-02-21,Wednesday,60503,53558,64059,300900
2018-02-22,Thursday,21272,20642,29500,112074
2018-02-23,Friday,22121,26448,34966,133081
2018-02-24,Saturday,11702,27286,26958,104884
2018-02-25,Sunday,9641,22479,19467,79646
2018-02-26,Monday,20822,20119,28214,107825
2018-02-27,Tuesday,21695,20309,30267,113016
2018-02-28,Wednesday,61817,63440,68095,322449
2018-03-01,Thursday,21221,20913,27581,110519
2018-03-02,Friday,54360,73602,79463,347753
2018-03-03,Saturday,34920,71965,71085,287863
2018-03-04,Sunday,60272,70397,68552,329604
2018-03-05,Monday,71339,67187,77806,361883
2018-03-06,Tuesday,70871,66334,80724,362711
2018-03-07,Wednesday,71142,67762,80603,367576
2018-03-08,Thursday,72274,73466,83675,389543
2018-03-09,Friday,53832,72903,81625,351672
2018-03-10,Saturday,36460,70272,60627,272947
2018-03-11,Sunday,8068,7949,6973,37632
2018-03-12,Monday,69388,68805,76674,362376
2018-03-13,Tuesday,57040,59443,64287,306514
2018-03-14,Wednesday,71360,71277,81630,379599
2018-03-15,Thursday,69915,73772,85539,392850
2018-03-16,Friday,53788,79656,83269,367285
2018-03-17,Saturday,33936,72467,71274,292832
2018-03-18,Sunday,58603,72860,61788,323108
2018-03-19,Monday,70276,69465,67814,350101
2018-03-20,Tuesday,66952,70640,78534,359889
2018-03-21,Wednesday,69489,69345,80248,370155
2018-03-22,Thursday,72945,75236,83113,399009
2018-03-23,Friday,55439,77909,82336,362595
2018-03-24,Saturday,34793,73490,70884,291144
2018-03-25,Sunday,60508,71718,69987,338969
2018-03-26,Monday,68507,72023,84553,373292
2018-03-27,Tuesday,68351,75591,86025,379779
2018-03-28,Wednesday,70253,75361,85016,392451
2018-03-29,Thursday,69125,82401,83879,403847
2018-03-30,Friday,41714,79767,80580,341764
2018-03-31,Saturday,13944,31789,30753,123252
2018-04-01,Sunday,14022,25067,22632,99950
2018-04-02,Monday,26323,29750,35685,146235
2018-04-03,Tuesday,22794,26499,34217,131772
2018-04-04,Wednesday,19453,24078,30488,117041
2018-04-05,Thursday,19806,25079,30728,120086
2018-04-06,Friday,27285,33731,39735,161304
2018-04-07,Saturday,13633,30538,29890,118335
2018-04-08,Sunday,11234,25963,23056,95064
2018-04-09,Monday,26648,24645,32963,134307
2018-04-10,Tuesday,27190,25241,34048,138873
2018-04-11,Wednesday,27522,25301,34208,139748
2018-04-12,Thursday,28218,26968,35881,146402
2018-04-13,Friday,27973,30818,38143,157615
2018-04-14,Saturday,14405,28436,28476,116165
2018-04-15,Sunday,10903,23597,20777,88016
2018-05-01,Tuesday,34625,131515,207260,420252
2018-05-02,Wednesday,21252,90603,119555,292961
2018-05-03,Thursday,69192,163113,215602,593717
2018-05-04,Friday,148872,235610,212105,841399
2018-05-05,Saturday,79278,194068,141727,598777
2018-05-06,Sunday,9430,47091,138166,219193
2018-05-07,Monday,17102,128946,230157,418364
2018-05-08,Tuesday,92630,175373,222350,654711
2018-05-09,Wednesday,82336,191968,326481,756121
2018-05-10,Thursday,73456,79598,143972,547467
2018-05-11,Friday,90325,301512,279260,933792
2018-05-12,Saturday,68214,207429,223807,654544
2018-05-13,Sunday,54022,187927,259341,626710
2018-05-14,Monday,81461,245415,154346,629084
2018-05-15,Tuesday,120221,58719,115092,483428
2018-05-16,Wednesday,150018,178862,283494,862551
2018-05-17,Thursday,130141,195982,144721,700850
2018-05-18,Friday,59777,65727,65280,332020
2018-05-19,Saturday,51142,95721,225431,507105
2018-05-20,Sunday,33999,136466,227832,496806
2018-05-21,Monday,179296,84582,200369,743436
2018-05-22,Tuesday,84840,72692,61424,372436
2018-05-23,Wednesday,63347,92281,247194,539323
2018-05-24,Thursday,111663,203547,246710,752251
2018-05-25,Friday,285402,153116,259659,1207047
2018-05-26,Saturday,227167,190306,98581,863119
2018-05-27,Sunday,34343,59627,57082,254647
2018-05-28,Monday,29419,52761,50114,219918
2018-05-29,Tuesday,55144,59224,58327,292095
2018-05-30,Wednesday,56756,60726,63005,306688
2018-05-31,Thursday,58473,61084,62159,314944
2018-06-01,Friday,54272,62208,63766,315412
2018-06-02,Saturday,41070,61752,62966,291109
2018-06-03,Sunday,29209,58384,56914,241636
2018-06-04,Monday,58523,60405,63121,311444
2018-06-05,Tuesday,59735,101612,143045,439497
2018-06-06,Wednesday,80129,211125,174088,623179
2018-06-07,Thursday,123094,356571,197189,935382
2018-06-08,Friday,74924,80827,75058,395102
2018-06-09,Saturday,54496,77860,112528,386177
2018-06-10,Sunday,114189,297780,227343,853587
2018-06-11,Monday,90774,63079,62974,373605
2018-06-12,Tuesday,70941,90854,141206,441968
2018-06-13,Wednesday,72121,105426,199353,518087
2018-06-14,Thursday,97073,238944,258684,790419
2018-06-15,Friday,126977,288401,277150,972388
2018-06-16,Saturday,132095,278676,264210,1060630
2018-06-17,Sunday,185500,272675,245795,1077341
2018-06-18,Monday,191140,263170,203354,988983
2018-06-19,Tuesday,256548,300764,271730,1330754
2018-06-20,Wednesday,279112,250415,253416,1292427
2018-06-21,Thursday,299847,236024,338050,1414097
2018-06-25,Monday,268244,260717,92635,996092
2018-06-26,Tuesday,166362,327657,253140,1079439
2018-06-27,Wednesday,212943,194012,82842,819422
2018-06-28,Thursday,70849,71622,78356,364980
2018-06-29,Friday,74810,78880,82207,399028
2018-06-30,Saturday,52354,71797,72074,331686
2018-07-01,Sunday,39926,61787,58583,262972
2018-07-02,Monday,87128,86870,82268,417627
2018-07-03,Tuesday,124104,258507,248983,869511
2018-07-04,Wednesday,181513,235334,222009,941247
2018-07-05,Thursday,260330,265952,201118,1111830
2018-07-06,Friday,268725,261721,258409,1193777
2018-07-07,Saturday,101133,100291,82786,470007
2018-07-08,Sunday,57812,148223,247796,635538
2018-07-09,Monday,235244,310869,298103,1300897
2018-07-10,Tuesday,230543,364186,377339,1450531
2018-07-11,Wednesday,310846,506295,465200,1918449
2018-07-12,Thursday,50074,64031,71144,296148
2018-07-13,Friday,64835,68364,70612,342370
2018-07-14,Saturday,39313,61288,60406,269871
2018-07-15,Sunday,24865,53627,50088,207632
2018-07-16,Monday,64262,52858,60931,297638
2018-07-17,Tuesday,51554,45473,49450,258120
2018-07-18,Wednesday,48496,55405,57633,266613
2018-07-19,Thursday,50589,61715,69402,298217
2018-07-20,Friday,65684,68187,69092,341929
2018-07-21,Saturday,33153,56546,57471,242623
2018-07-22,Sunday,25920,52578,49598,208536
2018-07-23,Monday,62115,56845,66193,305632
2018-07-24,Tuesday,63962,56583,66091,311595
2018-07-25,Wednesday,61955,57157,65059,308012
2018-07-26,Thursday,64269,60117,66586,320097
2018-07-27,Friday,63063,65406,65747,325372
2018-07-28,Saturday,32780,47805,46955,215244
2018-07-29,Sunday,23794,46989,44739,187105
2018-07-30,Monday,51801,50285,52200,255827
2018-07-31,Tuesday,53200,51133,53181,261350
2018-08-01,Wednesday,61587,58488,61154,300305
2018-08-02,Thursday,71733,74997,81786,375347
2018-08-03,Friday,71771,81887,86314,397032
2018-08-04,Saturday,42749,71741,74315,312930
2018-08-05,Sunday,32735,66534,64345,265849
2018-08-06,Monday,69888,72613,80313,363528
2018-08-07,Tuesday,73534,73527,82436,376718
2018-08-08,Wednesday,74210,71436,82220,373017
2018-08-09,Thursday,70826,73157,82642,373416
2018-08-10,Friday,71909,79117,87166,397073
2018-08-11,Saturday,44498,72889,74826,320318
2018-08-12,Sunday,33390,66785,66371,269528
2018-08-13,Monday,74151,79762,91785,389645
2018-08-14,Tuesday,72067,69544,80014,365847
2018-08-15,Wednesday,75025,72188,81988,375974
2018-08-16,Thursday,68287,70524,82835,362851
2018-08-17,Friday,69898,79287,87989,392654
2018-08-18,Saturday,41469,72430,68049,303257
2018-08-19,Sunday,31388,65505,62873,258294
2018-08-20,Monday,68421,67557,77303,345464
2018-08-21,Tuesday,70999,68005,86619,365399
2018-08-22,Wednesday,73123,72117,89791,376162
2018-08-23,Thursday,71517,164281,234012,617304
2018-08-24,Friday,81177,212648,201514,658494
2018-08-25,Saturday,49313,208330,173436,554337
2018-08-26,Sunday,36429,130450,158608,488099
2018-08-27,Monday,82998,230537,261836,755721
2018-08-28,Tuesday,98251,240984,261870,825437
2018-08-29,Wednesday,158307,236328,472333,1213810
2018-08-30,Thursday,255872,383871,382498,1479361
2018-08-31,Friday,225703,397265,518487,1656893
2018-09-01,Saturday,30675,45278,44456,198993
2018-09-02,Sunday,20667,41278,40176,164306
2018-09-03,Monday,21139,40341,39775,160710
2018-09-04,Tuesday,50203,46076,49420,236526
2018-09-05,Wednesday,48842,46814,49947,236169
2018-09-06,Thursday,47763,46456,47902,232497
2018-09-07,Friday,50663,50305,50162,254964
2018-09-08,Saturday,32227,46294,46190,213785
2018-09-09,Sunday,18611,27662,23679,135399
2018-09-10,Monday,25763,41083,39288,169437
2018-09-11,Tuesday,32615,40358,32868,174967
2018-09-12,Wednesday,34446,40300,37171,191286
2018-09-13,Thursday,48221,46463,50701,254109
2018-09-14,Friday,50848,50890,50474,271857
2018-09-15,Saturday,32416,46590,48071,225737
2018-09-16,Sunday,24012,43370,45264,189889
2018-09-17,Monday,49921,45418,50173,250729
2018-09-18,Tuesday,49414,46513,49238,243017
2018-09-19,Wednesday,46628,45137,49171,230094
2018-09-20,Thursday,48668,47691,49772,240410
2018-09-21,Friday,50206,50267,48788,245908
2018-09-22,Saturday,29748,46021,42641,192508
2018-09-23,Sunday,19164,37969,38024,151919
2018-09-24,Monday,42139,43335,44055,209873
2018-09-25,Tuesday,45145,45925,46118,220111
2018-09-26,Wednesday,43815,42957,42078,212613
2018-09-27,Thursday,39536,45509,49124,210928
2018-09-28,Friday,47162,51697,49990,240480
2018-09-29,Saturday,30859,47211,45982,195281
2018-09-30,Sunday,23586,42318,44129,169762
2018-10-01,Monday,54357,55447,54986,267551
2018-10-02,Tuesday,55865,57791,61832,283262
2018-10-03,Wednesday,54071,59997,63818,283286
2018-10-04,Thursday,57305,61279,64195,294355
2018-10-05,Friday,53736,65569,68083,299115
2018-10-06,Saturday,37905,63547,65453,266550
2018-10-07,Sunday,30111,60308,56942,236982
2018-10-08,Monday,56903,61929,64321,292560
2018-10-09,Tuesday,56363,62168,64986,296881
2018-10-10,Wednesday,54330,63070,61202,283372
2018-10-11,Thursday,54528,63668,64487,295223
2018-10-12,Friday,55817,67991,66974,310386
2018-10-13,Saturday,39762,65020,62896,269244
2018-10-14,Sunday,27461,59834,54509,215700
2018-10-15,Monday,47228,60304,59983,259802
2018-10-16,Tuesday,51050,60937,59292,269216
2018-10-17,Wednesday,54662,61237,62814,286931
2018-10-18,Thursday,56380,62917,62840,295989
2018-10-19,Friday,56225,68675,65901,310660
2018-10-20,Saturday,36069,63493,60138,258682
2018-10-21,Sunday,29252,62112,56820,228406
2018-10-22,Monday,54319,60296,62542,284216
2018-10-23,Tuesday,51560,60520,63787,279824
2018-10-24,Wednesday,54294,61611,63169,284703
2018-10-25,Thursday,50873,61374,60242,275947
2018-10-26,Friday,49855,65071,64463,289142
2018-10-27,Saturday,34913,64915,63234,253486
2018-10-28,Sunday,28376,58855,54093,218300
2018-10-29,Monday,50695,58959,60493,272288
2018-10-30,Tuesday,54934,58700,61160,281473
2018-10-31,Wednesday,55792,59272,58913,285367
2018-11-01,Thursday,57166,63847,67035,299808
2018-11-02,Friday,60402,75008,79530,345165
2018-11-03,Saturday,41228,70595,66042,287210
2018-11-04,Sunday,35517,65661,51844,239796
2018-11-05,Monday,70555,67982,66856,329919
2018-11-06,Tuesday,67484,69019,65867,324735
2018-11-07,Wednesday,69037,66588,70464,330163
2018-11-08,Thursday,25376,24529,32111,130364
2018-11-09,Friday,24409,27140,32633,135863
2018-11-10,Saturday,13429,26895,25168,107146
2018-11-11,Sunday,12434,25300,24888,97906
2018-11-12,Monday,19437,21917,25046,105016
2018-11-13,Tuesday,23576,23166,28631,118655
2018-11-14,Wednesday,24128,23826,29151,120619
2018-11-15,Thursday,23222,23118,29994,120403
2018-11-16,Friday,23308,26156,34774,135427
2018-11-17,Saturday,12484,26278,27279,107884
2018-11-18,Sunday,10936,23427,23000,91591
2018-11-19,Monday,24168,26984,32874,131330
2018-11-20,Tuesday,25246,27199,32970,134802
2018-11-21,Wednesday,62654,76888,63494,329423
2018-11-22,Thursday,25251,54679,46552,205221
2018-11-23,Friday,36755,64408,57615,258811
2018-11-24,Saturday,33712,66349,57333,252899
2018-11-25,Sunday,10608,20201,19505,79611
2018-11-26,Monday,22580,21167,27736,111889
2018-11-27,Tuesday,22770,21571,28146,113966
2018-11-28,Wednesday,23111,21344,28368,114978
2018-11-29,Thursday,23453,22274,28944,118198
2018-11-30,Friday,23025,25435,31477,129045
2018-12-01,Saturday,9990,20920,20446,84773
2018-12-02,Sunday,10498,23043,21637,87452
2018-12-03,Monday,22970,21413,28330,114848
2018-12-04,Tuesday,22655,21457,28978,114931
2018-12-05,Wednesday,25713,24387,33306,131961
2018-12-06,Thursday,25594,25326,34829,138103
2018-12-07,Friday,26245,30570,37421,153287
2018-12-08,Saturday,13434,27841,26453,109459
2018-12-09,Sunday,9517,19313,18451,75975
2018-12-10,Monday,23692,23105,30827,121448
2018-12-11,Tuesday,26280,24047,31988,131144
2018-12-12,Wednesday,25705,23839,33023,131007
2018-12-13,Thursday,26388,25237,34111,137223
2018-12-14,Friday,24905,29149,35754,145319
2018-12-15,Saturday,12069,27852,29908,113707
2018-12-16,Sunday,10275,24428,23089,92005
2018-12-17,Monday,25647,26188,33622,134427
2018-12-18,Tuesday,25737,26092,36391,138707
2018-12-19,Wednesday,25642,28962,35040,141979
2018-12-20,Thursday,25348,29843,34382,141199
2018-12-21,Friday,24166,34070,33889,146118
2018-12-22,Saturday,11607,27998,29657,111665
2018-12-23,Sunday,9865,25227,24124,93612
2018-12-24,Monday,11092,25738,24668,94336
2018-12-25,Tuesday,4729,17861,19750,64876
2018-12-26,Wednesday,17068,27542,31062,118421
2018-12-27,Thursday,19430,31443,34057,131170
2018-12-28,Friday,20365,32232,36956,141450
2018-12-29,Saturday,13275,30850,30211,118793
2018-12-30,Sunday,10828,28190,29070,109095
2018-12-31,Monday,16227,29752,28372,119035
2019-01-01,Tuesday,3966,11074,11379,44828
2019-01-02,Wednesday,16966,17403,22517,88545
2019-01-03,Thursday,18353,17964,23633,94012
2019-01-04,Friday,17683,19245,24294,96561
2019-01-05,Saturday,6105,13464,13711,52034
2019-01-06,Sunday,4464,11765,10309,40683
2019-01-07,Monday,15326,13361,18510,73896
2019-01-08,Tuesday,16576,14008,20857,80082
2019-01-09,Wednesday,16792,13801,20969,80572
2019-01-10,Thursday,20611,19919,27395,105300
2019-01-11,Friday,62104,66555,65722,318725
2019-01-12,Saturday,34815,62319,52707,233578
2019-01-13,Sunday,25208,54584,45077,204517
2019-01-14,Monday,53756,58777,69824,284966
2019-01-15,Tuesday,60624,60502,65672,304255
2019-01-16,Wednesday,63354,61124,65142,307412
2019-01-17,Thursday,59303,61022,66061,312616
2019-01-18,Friday,20264,22657,30230,116294
2019-01-19,Saturday,9550,23981,22730,86831
2019-01-20,Sunday,3302,9567,8716,33572
2019-01-21,Monday,9064,11989,14458,54330
2019-01-22,Tuesday,16593,13465,20536,79338
2019-01-23,Wednesday,16330,13333,18930,76926
2019-01-24,Thursday,16484,14040,20957,80944
2019-01-25,Friday,16092,15257,21349,83353
2019-01-26,Saturday,6497,13620,12825,52438
2019-01-27,Sunday,4787,12077,10659,42094
2019-01-28,Monday,16479,13872,20276,78397
2019-01-29,Tuesday,56455,52229,57107,270409
2019-01-30,Wednesday,52618,52529,53867,272869
2019-01-31,Thursday,56716,57293,59644,281102
2019-02-01,Friday,61242,69159,71860,325841
2019-02-02,Saturday,37624,67746,62430,267956
2019-02-03,Sunday,29391,58583,47429,214259
2019-02-04,Monday,62673,61964,62929,301126
2019-02-05,Tuesday,64429,61204,64302,304469
2019-02-06,Wednesday,58257,59039,60768,298250
2019-02-07,Thursday,63424,63341,67435,317827
2019-02-08,Friday,64807,69545,71884,335241
2019-02-09,Saturday,37876,67643,60731,264101
2019-02-10,Sunday,25914,56023,48157,206148
2019-02-11,Monday,20781,18947,25574,101415
2019-02-12,Tuesday,19907,18469,25251,99734
2019-02-13,Wednesday,21241,22561,29281,112524
2019-02-14,Thursday,19857,22338,31697,114278
2019-02-15,Friday,21568,26217,33904,128102
2019-02-16,Saturday,11732,27345,26981,104106
2019-02-17,Sunday,9816,22497,19389,79890
2019-02-18,Monday,17434,20807,25174,97939
2019-02-19,Tuesday,21229,20440,26113,105133
2019-02-20,Wednesday,19503,19188,25268,100118
2019-02-21,Thursday,19426,21304,29730,108271
2019-02-22,Friday,14340,15861,21563,80852
2019-02-23,Saturday,5849,12824,10990,47641
2019-02-24,Sunday,4996,12584,11348,44377
2019-02-25,Monday,15971,13759,21099,78988
2019-02-26,Tuesday,17318,14170,21572,83712
2019-02-27,Wednesday,16667,15133,22527,85039
2019-02-28,Thursday,16828,15271,22020,85046
2019-03-01,Friday,16649,17413,22479,88939
2019-03-02,Saturday,12189,26870,27794,105518
2019-03-03,Sunday,9328,21573,17748,75054
2019-03-04,Monday,20676,21453,27075,107192
2019-03-05,Tuesday,20739,21588,29028,110229
2019-03-06,Wednesday,20977,21586,29055,110925
2019-03-07,Thursday,21007,22556,30487,114674
2019-03-08,Friday,20890,26068,30766,122698
2019-03-09,Saturday,11412,24456,24457,95551
2019-03-10,Sunday,1691,3645,2913,12110
2019-03-11,Monday,19434,23107,28913,111458
2019-03-13,Wednesday,20119,24539,30785,117949
2019-03-14,Thursday,20974,25314,30046,120144
2019-03-15,Friday,21302,28521,35013,135131
2019-03-16,Saturday,13063,28497,29069,113339
2019-03-17,Sunday,11027,26597,22845,93546
2019-03-18,Monday,21928,24306,31271,121071
2019-03-19,Tuesday,22291,24799,32491,124581
2019-03-20,Wednesday,22441,25554,33059,126594
2019-03-21,Thursday,22624,26648,32265,126835
2019-03-22,Friday,23717,30005,36740,144142
2019-03-23,Saturday,14099,30531,30216,119150
2019-03-24,Sunday,11687,25843,24598,96614
2019-03-25,Monday,22440,26629,32497,125838
2019-03-26,Tuesday,22637,27869,34265,131786
2019-03-27,Wednesday,24069,27992,34358,137267
2019-03-28,Thursday,23775,29569,35591,139691
2019-03-29,Friday,25067,33474,38336,155282
2019-03-30,Saturday,14794,32069,30513,123880
2019-03-31,Sunday,12378,27296,36664,111074
2019-04-01,Monday,25822,26738,81955,182999
2019-04-02,Tuesday,23342,28045,33426,131884
2019-04-03,Wednesday,23670,27879,34998,136015
2019-04-04,Thursday,23908,28695,35546,138184
2019-04-05,Friday,23520,31330,36173,144345
2019-04-06,Saturday,15845,41179,39821,146497
2019-04-07,Sunday,11278,23711,19769,85764
2019-04-08,Monday,19831,21829,26042,105560
2019-04-09,Tuesday,21951,23026,29312,117240
2019-04-10,Wednesday,22832,24291,30310,121998
2019-04-11,Thursday,22305,31802,43321,142279
2019-04-12,Friday,22494,26127,31154,128023
2019-04-13,Saturday,13173,21437,20293,90834
2019-04-14,Sunday,11582,22504,19863,85373
2019-04-15,Monday,22618,28192,35072,130279
2019-04-16,Tuesday,23037,24723,31442,125574
2019-04-17,Wednesday,22301,25592,32498,125986
2019-04-18,Thursday,23688,26903,33075,132276
2019-04-19,Friday,18081,29144,30742,122286
2019-04-20,Saturday,12257,27991,24272,101888
2019-04-21,Sunday,10565,21942,20505,83528
2019-04-22,Monday,22360,23230,30987,119947
2019-04-23,Tuesday,22633,23614,30495,120262
2019-04-24,Wednesday,22930,24204,30442,122998
2019-04-25,Thursday,22141,25541,29207,123086
2019-04-26,Friday,21845,29425,31309,133935
2019-04-27,Saturday,14212,26567,25797,109345
2019-04-28,Sunday,12180,22903,20666,88611
2019-04-29,Monday,21982,23708,28830,116497
2019-04-30,Tuesday,22084,23191,29706,117466
2019-05-01,Wednesday,59106,63502,68509,311518
2019-05-02,Thursday,58649,64752,71300,320489
2019-05-03,Friday,60099,68892,74074,336708
2019-05-04,Saturday,41192,66216,64727,271167
2019-05-05,Sunday,29434,61881,58804,243294
2019-05-06,Monday,59516,61895,71895,315221
2019-05-07,Tuesday,60833,62377,62797,311026
2019-05-08,Wednesday,59913,62436,64569,311102
2019-05-09,Thursday,48548,50661,58720,264192
2019-05-10,Friday,51311,58615,61495,283982
2019-05-11,Saturday,35474,55280,55583,243656
2019-05-12,Sunday,25751,54031,51118,208515
2019-05-13,Monday,48308,53654,57760,262551
2019-05-14,Tuesday,49057,54732,57467,271048
2019-05-15,Wednesday,45828,53810,59560,262694
2019-05-16,Thursday,48024,55630,58770,271705
2019-05-17,Friday,51583,61025,58697,292664
2019-05-18,Saturday,40482,60844,62140,268455
2019-05-19,Sunday,29486,56744,53974,226197
2019-05-20,Monday,48359,55204,52236,266459
2019-05-21,Tuesday,49689,55811,57286,273388
2019-05-22,Wednesday,46199,55914,55871,266173
2019-05-23,Thursday,49146,56661,57118,278290
2019-05-24,Friday,52419,62857,58919,296023
2019-05-25,Saturday,39086,60073,60054,267160
2019-05-26,Sunday,29763,56184,54022,232665
2019-05-27,Monday,29938,51481,49177,213576
2019-05-28,Tuesday,49614,54651,59604,271757
2019-05-29,Wednesday,49341,56242,56836,271888
2019-05-30,Thursday,47799,56611,60878,273588
2019-05-31,Friday,51866,54943,62479,297998
2019-06-01,Saturday,39304,59212,60098,275911
2019-06-02,Sunday,29000,56585,54828,231264
2019-06-03,Monday,50451,55561,55321,287682
2019-06-04,Tuesday,50506,54949,54691,278310
2019-06-05,Wednesday,49864,57147,60899,283079
2019-06-06,Thursday,51105,56273,54925,279626
2019-06-07,Friday,44850,60877,59828,274179
2019-06-08,Saturday,36040,58267,58202,247490
2019-06-09,Sunday,27810,56265,48157,213290
2019-06-10,Monday,50033,57249,56717,277606
2019-06-11,Tuesday,50509,57070,60673,286313
2019-06-12,Wednesday,50688,59147,59020,283309
2019-06-13,Thursday,9741,15594,16801,67687
2019-06-14,Friday,52948,60329,63334,302669
2019-06-15,Saturday,39738,60951,62145,271533
2019-06-16,Sunday,29652,58281,56752,236293
2019-06-17,Monday,49750,59554,60367,282294
2019-06-18,Tuesday,47909,57878,61039,272073
2019-06-19,Wednesday,48388,57851,60134,282243
2019-06-20,Thursday,49299,58566,60367,282834
2019-06-21,Friday,67080,74891,83535,379914
2019-06-22,Saturday,17459,27846,27993,127719
2019-06-23,Sunday,11697,26340,24044,99287
2019-06-24,Monday,21904,25457,33293,127047
2019-06-25,Tuesday,23474,26692,34022,135163
2019-06-26,Wednesday,23818,27706,35663,139085
2019-06-27,Thursday,23649,27969,35249,138270
2019-06-28,Friday,24546,31612,34781,146393
2019-06-29,Saturday,7360,12922,13861,57395
2019-06-30,Sunday,6655,12698,12830,53536
2019-07-01,Monday,22472,26974,33692,132529
2019-07-02,Tuesday,23243,27837,33646,135582
2019-07-03,Wednesday,22784,30736,34560,141229
2019-07-04,Thursday,11887,20561,20142,92550
2019-07-05,Friday,15783,26428,27870,114820
2019-07-06,Saturday,11434,23552,24223,98248
2019-07-07,Sunday,9899,22051,19893,83264
2019-07-08,Monday,19819,24005,34208,128376
2019-07-09,Tuesday,20657,23465,33558,121860
2019-07-10,Wednesday,21346,24404,30644,121863
2019-07-11,Thursday,20975,24409,30925,122036
2019-07-12,Friday,21179,26979,31395,128390
2019-07-13,Saturday,11339,23874,25277,98816
2019-07-14,Sunday,9450,21565,22483,85585
2019-07-15,Monday,19697,22616,30002,114284
2019-07-16,Tuesday,20562,23492,32076,120849
2019-07-17,Wednesday,61007,63960,73978,328894
2019-07-18,Thursday,21628,23778,33280,126025
2019-07-19,Friday,20157,28247,42248,140801
2019-07-20,Saturday,11866,39531,24568,115617
2019-07-21,Sunday,54857,22716,106336,266864
2019-07-22,Monday,18926,22305,77554,265822
2019-07-23,Tuesday,41653,22481,29688,158478
2019-07-24,Wednesday,23720,26318,35065,136921
2019-07-25,Thursday,23772,27627,35486,140157
2019-07-26,Friday,23594,31636,36993,148938
2019-07-27,Saturday,9656,39035,30584,119746
2019-07-28,Sunday,11415,30418,24338,103495
2019-07-29,Monday,22590,25468,33388,129968
2019-07-30,Tuesday,23044,26018,33772,131319
2019-07-31,Wednesday,23873,26479,34625,135541
2019-08-01,Thursday,66846,70687,70810,346834
2019-08-02,Friday,66273,75743,82253,376534
2019-08-03,Saturday,44210,73789,73865,316115
2019-08-04,Sunday,32055,66763,63505,265918
2019-08-05,Monday,65893,67703,77591,346594
2019-08-06,Tuesday,66565,63284,75171,340360
2019-08-07,Wednesday,24595,26349,34370,136429
2019-08-08,Thursday,24199,26434,34627,136420
2019-08-09,Friday,24209,29151,35699,144309
2019-08-10,Saturday,13477,27367,27982,113276
2019-08-11,Sunday,11045,24968,22338,93751
2019-08-12,Monday,23036,24054,32274,125294
2019-08-13,Tuesday,23474,24210,32399,126562
2019-08-14,Wednesday,23989,25119,33211,130923
2019-08-15,Thursday,24008,26403,34641,136234
2019-08-16,Friday,23883,28666,35480,142939
2019-08-17,Saturday,13060,27104,28223,113409
2019-08-18,Sunday,10670,23846,21320,90060
2019-08-19,Monday,22718,22522,31047,120769
2019-08-20,Tuesday,23007,23055,32290,125396
2019-08-21,Wednesday,321219,326928,265314,1369987
2019-08-22,Thursday,23886,24008,144269,241746
2019-08-23,Friday,27557,116593,35270,236464
2019-08-24,Saturday,13447,27860,28906,113967
2019-08-25,Sunday,10930,23130,21011,87369
2019-08-26,Monday,25452,21259,29320,121012
2019-08-27,Tuesday,23206,21958,31093,120207
2019-08-28,Wednesday,33871,23144,31312,145611
2019-08-29,Thursday,23675,23396,33402,127940
2019-08-30,Friday,21343,29106,56383,159787
2019-08-31,Saturday,10975,23978,23756,98560
2019-09-01,Sunday,12477,27388,28631,111855
2019-09-02,Monday,13366,23970,24229,97576
2019-09-03,Tuesday,28467,26046,34533,141059
2019-09-04,Wednesday,28411,25902,34838,142941
2019-09-05,Thursday,32505,30442,45591,171324
2019-09-06,Friday,32473,32293,63868,194726
2019-09-07,Saturday,17333,30319,47705,144987
2019-09-08,Sunday,13433,27590,25517,105256
2019-09-09,Monday,31495,27366,36648,151922
2019-09-10,Tuesday,30413,28188,37399,152159
2019-09-11,Wednesday,31982,28304,38003,157352
2019-09-12,Thursday,31982,29440,63209,185612
2019-09-13,Friday,31938,32087,42622,172134
2019-09-14,Saturday,17117,29519,29951,123627
2019-09-15,Sunday,15897,27370,162191,247775
2019-09-16,Monday,31354,26728,246141,360578
2019-09-17,Tuesday,55607,28114,163921,328918
2019-09-18,Wednesday,79424,28202,262480,518121
2019-09-19,Thursday,102773,29883,40614,309667
2019-09-20,Friday,92652,33729,59601,317106
2019-09-21,Saturday,9441,15002,14765,66122
2019-09-22,Sunday,6025,14172,12894,52188
2019-09-23,Monday,123509,128965,96705,525726
2019-09-24,Tuesday,126896,102597,159855,605869
2019-09-25,Wednesday,156935,121627,266173,786477
2019-09-26,Thursday,128337,103194,215760,647979
2019-09-27,Friday,169206,68546,238696,739382
2019-09-28,Saturday,59355,34466,32211,219732
2019-09-29,Sunday,48485,30779,27860,181840
2019-09-30,Monday,56073,24576,33347,191807
2019-10-01,Tuesday,53474,25677,34774,190730
2019-10-02,Wednesday,57622,28459,38084,208377
2019-10-03,Thursday,56308,31618,42379,215877
2019-10-04,Friday,61342,35324,43998,238683
2019-10-05,Saturday,32999,34231,32763,170429
2019-10-06,Sunday,14841,30409,29670,118061
2019-10-07,Monday,35573,30754,37249,165844
2019-10-08,Tuesday,30636,30794,39561,160214
2019-10-09,Wednesday,96580,31031,40116,293753
2019-10-10,Thursday,123499,33038,40721,353659
2019-10-11,Friday,119391,37076,43159,355540
2019-10-12,Saturday,19968,35037,34295,146640
2019-10-13,Sunday,27259,32030,31191,146785
2019-10-14,Monday,39605,31953,40638,180696
2019-10-15,Tuesday,34867,31679,40876,170434
2019-10-16,Wednesday,32153,63205,64547,220653
2019-10-17,Thursday,138698,32986,44404,386403
2019-10-18,Friday,8063,6319,7821,35891
2019-10-19,Saturday,18454,34939,33119,139050
2019-10-20,Sunday,40262,32256,30424,172905
2019-10-21,Monday,55839,29713,37476,203742
2019-10-22,Tuesday,36871,27315,172739,297759
2019-10-23,Wednesday,30471,140975,53626,280490
2019-10-24,Thursday,30278,30113,48390,166842
2019-10-25,Friday,29872,33718,38306,161360
2019-10-26,Saturday,18824,27940,26669,121160
2019-10-27,Sunday,13211,25967,27441,104196
2019-10-28,Monday,27951,25364,34527,138827
2019-10-29,Tuesday,29942,26822,35946,146522
2019-10-30,Wednesday,34752,27160,35751,157058
2019-10-31,Thursday,28575,28726,35637,147832
2019-11-01,Friday,30478,32872,43137,171155
2019-11-02,Saturday,17261,34057,32958,136282
2019-11-03,Sunday,15425,30848,28859,114391
2019-11-04,Monday,32472,28724,38719,155857
2019-11-05,Tuesday,32609,29145,39440,158553
2019-11-06,Wednesday,32618,31270,44454,166767
2019-11-07,Thursday,31821,29223,37659,155896
2019-11-08,Friday,31545,35744,43433,174722
2019-11-09,Saturday,17982,34536,32059,135375
2019-11-10,Sunday,15876,29972,40725,128734
2019-11-11,Monday,28479,31047,56198,166458
2019-11-12,Tuesday,27002,24104,32323,131476
2019-11-13,Wednesday,30414,26235,36083,147046
2019-11-14,Thursday,31960,27965,38010,155027
2019-11-15,Friday,31101,33000,41534,169396
2019-11-16,Saturday,16989,32474,31910,130556
2019-11-17,Sunday,13077,28250,27426,104887
2019-11-18,Monday,30746,64774,49277,197716
2019-11-19,Tuesday,30769,26368,36019,147775
2019-11-20,Wednesday,30932,26121,35680,147745
2019-11-21,Thursday,31019,27631,36883,151934
2019-11-22,Friday,30111,30930,38911,161584
2019-11-23,Saturday,15510,30688,30426,123624
2019-11-24,Sunday,12937,30244,28675,110384
2019-11-25,Monday,29783,30772,40567,158891
2019-11-26,Tuesday,31346,33978,42119,168667
2019-11-27,Wednesday,27488,38050,37845,162274
2019-11-28,Thursday,10844,25806,25629,99300
2019-11-29,Friday,16531,31551,30469,126533
2019-11-30,Saturday,15147,30836,27095,115763
2019-12-01,Sunday,13768,27317,24864,102080
2019-12-02,Monday,29087,25342,34149,139043
2019-12-03,Tuesday,30159,25778,36298,145944
2019-12-04,Wednesday,30575,26297,36648,148958
2019-12-05,Thursday,65262,67235,79527,347278
2019-12-06,Friday,63006,73567,83633,362596
2019-12-07,Saturday,39555,72813,70201,304759
2019-12-08,Sunday,28682,65174,58596,244876
2019-12-10,Tuesday,60242,61477,78290,323336
2019-12-11,Wednesday,60256,57891,70471,310912
2019-12-12,Thursday,60954,60177,70059,311569
2019-12-13,Friday,58929,63915,71273,325586
2019-12-14,Saturday,32428,62714,58721,243648
2019-12-15,Sunday,24663,56077,53364,227909
2019-12-16,Monday,49607,56034,62371,269686
2019-12-17,Tuesday,60708,67290,79277,334232
2019-12-18,Wednesday,64809,67486,77034,342498
2019-12-19,Thursday,62935,70682,79871,349304
2019-12-20,Friday,62813,80538,83680,373923
2019-12-21,Saturday,36655,79248,72557,304370
2019-12-22,Sunday,31182,68158,62577,260292
2019-12-23,Monday,54859,72899,78126,325211
2019-12-24,Tuesday,29339,55522,48903,213719
2019-12-25,Wednesday,12023,38604,39069,141339
2019-12-26,Thursday,36726,56651,61023,245506
2019-12-27,Friday,41812,64241,66511,285157
2019-12-28,Saturday,25426,57775,54348,218246
2019-12-29,Sunday,17393,51051,38181,171339
2019-12-30,Monday,47226,62653,66466,278360
2019-12-31,Tuesday,39304,60697,60530,260098
2020-01-01,Wednesday,15432,42067,41708,161296
2020-01-02,Thursday,53035,54655,69362,291648
2020-01-03,Friday,60450,72395,75747,339412
2020-01-04,Saturday,32516,71307,70094,272729
2020-01-05,Sunday,10760,24831,22377,88352
2020-01-06,Monday,27554,24303,31891,130930
2020-01-07,Tuesday,29296,23144,33074,135131
2020-01-08,Wednesday,30354,23404,27489,129675
2020-01-09,Thursday,75478,61903,73340,351470
2020-01-10,Friday,80017,67167,76318,1115609
2020-01-11,Saturday,378079,50807,259791,3063789
2020-01-12,Sunday,308267,63453,312223,2940273
2020-01-13,Monday,482768,59702,410357,3116320
2020-01-14,Tuesday,534110,58645,376828,2940193
2020-01-15,Wednesday,411041,58593,425142,2674665
2020-01-16,Thursday,149700,62823,108197,864546
2020-01-17,Friday,75758,67768,82013,382915
2020-01-18,Saturday,37198,67694,86670,425460
2020-01-19,Sunday,26416,65615,52485,235139
2020-01-20,Monday,60777,61296,62941,304931
2020-01-21,Tuesday,76535,58853,71076,345191
2020-01-22,Wednesday,73708,58697,72201,341924
2020-01-23,Thursday,77199,60400,70058,400610
2020-01-24,Friday,117501,65485,109883,706400
2020-01-25,Saturday,53320,58377,55910,434493
2020-01-26,Sunday,5394,12813,11435,44400
2020-01-27,Monday,22331,13847,19808,90418
2020-01-28,Tuesday,23101,14209,21011,94210
2020-01-29,Wednesday,23601,14099,20773,94982
2020-01-30,Thursday,21544,15233,21556,93787
2020-01-31,Friday,21895,17494,22896,99797
2020-02-01,Saturday,8681,14976,14319,59797
2020-02-02,Sunday,5837,12612,10984,45463
2020-02-03,Monday,22646,14272,19999,91658
2020-02-04,Tuesday,90948,58557,71113,463146
2020-02-05,Wednesday,129964,59122,136437,690262
2020-02-06,Thursday,20450,14891,21063,90004
2020-02-07,Friday,17592,15831,19477,84251
2020-02-08,Saturday,8494,15096,14438,59617
2020-02-09,Sunday,5638,13552,13181,48091
2020-02-10,Monday,21955,13656,19008,88295
2020-02-11,Tuesday,22517,16230,20516,94901
2020-02-12,Wednesday,22970,14194,19067,91580
2020-02-13,Thursday,22473,15394,22093,96813
2020-02-14,Friday,22606,18500,24005,104357
2020-02-15,Saturday,8655,15876,15766,62651
2020-02-16,Sunday,5691,13572,12261,47545
2020-02-17,Monday,17746,14930,18844,81458
2020-02-18,Tuesday,22601,14382,20130,92716
2020-02-19,Wednesday,23576,15135,21487,97073
2020-02-20,Thursday,23281,14933,20360,95614
2020-02-21,Friday,22777,17462,22834,101534
2020-02-22,Saturday,9209,16094,15598,63619
2020-02-23,Sunday,5812,13091,12163,47055
2020-02-24,Monday,21737,13209,19506,88673
2020-02-25,Tuesday,23572,14494,21084,96148
2020-02-26,Wednesday,397576,61172,238563,2550651
2020-02-27,Thursday,364887,65533,268663,3022926
2020-02-28,Friday,426117,69535,199879,3083211
2020-02-29,Saturday,273882,126256,367902,3235874
2020-03-01,Sunday,14169,25598,22429,94933
2020-03-02,Monday,25264,20094,26516,114269
2020-03-03,Tuesday,20376,20494,23034,101563
2020-03-04,Wednesday,24647,21857,27176,117590
2020-03-05,Thursday,25235,22858,28434,122588
2020-03-06,Friday,24523,26847,32385,133881
2020-03-07,Saturday,15796,29381,31749,119753
2020-03-08,Sunday,1818,3645,2952,12432
2020-03-09,Monday,25806,23524,29198,125408
2020-03-10,Tuesday,23268,23452,28329,118687
2020-03-11,Wednesday,26898,24169,30047,129387
2020-03-12,Thursday,25911,24759,28507,126670
2020-03-13,Friday,24330,27667,31975,134267
2020-03-14,Saturday,13893,26981,24460,103412
2020-03-15,Sunday,10126,21779,19387,78661
2020-03-16,Monday,21254,22720,24933,108182
2020-03-17,Tuesday,18432,20336,22075,95568
2020-03-18,Wednesday,18536,21168,21439,95621
2020-03-19,Thursday,19044,20307,28472,103605
2020-03-20,Friday,16054,19537,19411,85821
2020-03-21,Saturday,9060,18035,15756,64687
2020-03-22,Sunday,6136,18521,12871,53050
2020-03-23,Monday,13130,14301,13877,64466
2020-03-24,Tuesday,11760,13010,12278,57827
2020-03-25,Wednesday,8829,51043,22887,99336
2020-03-26,Thursday,6843,7742,7742,35718
2020-03-27,Friday,12536,15866,15671,68205
2020-03-28,Saturday,7095,13946,13419,50958
2020-03-29,Sunday,4087,91611,324679,432042
2020-03-30,Monday,12404,13245,39843,87369
2020-03-31,Tuesday,10446,11617,29068,70109
2020-04-01,Wednesday,120520,121389,167867,2650630
2020-04-02,Thursday,92307,173863,249946,2808589
2020-04-03,Friday,86010,156701,62847,2586611
2020-04-04,Saturday,172209,103456,136601,2244782
2020-04-05,Sunday,55068,96708,201152,2432570
2020-04-06,Monday,84090,134836,189343,2398913
2020-04-07,Tuesday,95140,68705,65377,2149979
2020-04-08,Wednesday,205571,173453,157959,2635786
2020-04-09,Thursday,65321,173565,89732,2108019
2020-04-10,Friday,40900,176549,197297,2672568
2020-04-11,Saturday,24170,178214,94245,2387583
2020-04-12,Sunday,250753,21471,26061,1947707
2020-04-13,Monday,196340,284134,365835,2699194
2020-04-14,Tuesday,45797,124455,45033,2334874
2020-04-15,Wednesday,46142,155826,344021,2616445
2020-04-16,Thursday,46335,180266,172413,1605305
2020-04-17,Friday,45818,202345,74143,762612
2020-04-18,Saturday,87692,139892,151746,2725171
2020-04-19,Sunday,14536,210596,83069,2402813
2020-04-20,Monday,46334,680026,825548,3638431
2020-04-21,Tuesday,875593,156551,416827,4217712
2020-04-22,Wednesday,47811,211443,201288,2690889
2020-04-23,Thursday,105530,42566,167305,1854707
2020-04-24,Friday,250681,266864,184125,2818319
2020-04-25,Saturday,48325,39346,116993,1941614
2020-04-26,Sunday,50209,34878,32463,1616530
2020-04-27,Monday,75238,190900,188004,2518816
2020-04-28,Tuesday,74082,145535,75641,2339807
2020-04-29,Wednesday,47006,177566,192244,1974341
2020-04-30,Thursday,56041,182919,113468,2262544
2020-05-01,Friday,55901,218893,143667,2330639
2020-05-02,Saturday,70479,127898,188567,2464896
2020-05-03,Sunday,68953,105650,248690,1364128
2020-05-04,Monday,69837,105361,94391,1247911
2020-05-05,Tuesday,52192,283292,161849,663050
2020-05-06,Wednesday,54436,51158,109570,322997
2020-05-07,Thursday,155971,175023,308582,906879
2020-05-08,Friday,101227,55536,56126,372689
2020-05-09,Saturday,129532,233598,348166,938529
2020-05-10,Sunday,124992,229212,311005,948445
2020-05-11,Monday,77098,264625,270143,783654
2020-05-12,Tuesday,68966,151281,118762,462170
2020-05-13,Wednesday,53438,53188,95486,328301
2020-05-14,Thursday,84400,170459,81971,656343
2020-05-15,Friday,111551,84998,90097,775522
2020-05-16,Saturday,118086,129978,309802,892590
2020-05-17,Sunday,69976,161547,168931,771603
2020-05-18,Monday,106030,215445,205659,896695
2020-05-19,Tuesday,60297,156740,120529,509011
2020-05-20,Wednesday,79073,167819,293077,691794
2020-05-21,Thursday,80246,253519,242530,780627
2020-05-22,Friday,62543,571821,616627,1798536
2020-05-23,Saturday,363902,221715,234482,1437197
2020-05-24,Sunday,130002,241797,196083,1151988
2020-05-25,Monday,131868,244525,204569,1012770
2020-05-26,Tuesday,238959,141222,126995,1053152
2020-05-27,Wednesday,137662,248906,239962,1255226
2020-05-28,Thursday,119472,203401,86870,804103
2020-05-29,Friday,130229,89671,93856,723953
2020-05-30,Saturday,101112,98229,216383,753553
2020-05-31,Sunday,97624,103013,191300,785082
2020-06-01,Monday,111525,80700,208606,757196
2020-06-02,Tuesday,142694,232673,248778,1053696
2020-06-03,Wednesday,154726,209174,188406,1125070
2020-06-04,Thursday,273346,79198,253635,1228818
2020-06-05,Friday,166518,183771,219630,1169251
2020-06-06,Saturday,286345,202877,287858,1482606
2020-06-07,Sunday,209062,200152,221678,1317637
2020-06-08,Monday,227925,84432,147068,1131688
2020-06-09,Tuesday,182585,236515,256183,1155829
2020-06-10,Wednesday,137786,109555,79333,656561
2020-06-11,Thursday,72951,70182,74592,366169
2020-06-12,Friday,67772,76899,78199,377856
2020-06-13,Saturday,45834,71386,66791,314648
2020-06-14,Sunday,33905,66841,61801,265789
2020-06-15,Monday,75336,69232,148736,446311
2020-06-16,Tuesday,171382,68730,74160,562933
2020-06-17,Wednesday,178028,73263,77105,588828
2020-06-18,Thursday,95684,74418,76896,425588
2020-06-19,Friday,87106,85656,131338,486774
2020-06-20,Saturday,167735,77009,119332,629559
2020-06-21,Sunday,64350,62874,107164,377849
2020-06-22,Monday,116352,83056,376821,864420
2020-06-23,Tuesday,257358,98406,380296,1178258
2020-06-24,Wednesday,138121,115525,121091,613909
2020-06-25,Thursday,125376,93245,271097,714065
2020-06-26,Friday,101062,82933,122376,509935
2020-06-27,Saturday,67003,77855,74732,374844
2020-06-28,Sunday,52476,80618,70351,324977
2020-06-29,Monday,117297,73393,123615,507719
2020-06-30,Tuesday,103234,68351,73320,425023
2020-07-01,Wednesday,94250,77014,80871,428556
2020-07-02,Thursday,84918,80984,80314,426224
2020-07-03,Friday,74575,81975,104984,429301
2020-07-04,Saturday,40376,67661,58909,285046
2020-07-05,Sunday,48265,71127,59599,299204
2020-07-06,Monday,73702,78073,78602,381629
2020-07-07,Tuesday,74839,77798,96032,438482
2020-07-08,Wednesday,76160,77988,77720,387728
2020-07-09,Thursday,75625,77978,78082,389700
2020-07-10,Friday,75791,83899,86639,417200
2020-07-11,Saturday,48110,76978,72913,337777
2020-07-12,Sunday,27725,61719,67146,249134
2020-07-13,Monday,71405,74928,76882,370127
2020-07-14,Tuesday,73760,78857,77233,381861
2020-07-15,Wednesday,73863,76177,79304,386694
2020-07-16,Thursday,77318,78388,79822,418946
2020-07-17,Friday,75928,83278,84871,410982
2020-07-18,Saturday,51232,77784,69237,335001
2020-07-19,Sunday,33345,66677,61502,271628
2020-07-20,Monday,71486,71686,71863,363317
2020-07-21,Tuesday,73732,74268,71163,378696
2020-07-22,Wednesday,100340,71010,70272,417757
2020-07-23,Thursday,192824,77628,79590,624838
2020-07-24,Friday,93457,82211,82361,442039
2020-07-25,Saturday,63308,78925,66930,356721
2020-07-26,Sunday,66989,69254,66246,340479
2020-07-27,Monday,76006,75611,72457,376151
2020-07-28,Tuesday,110064,77220,80054,457927
2020-07-29,Wednesday,90845,79157,79035,418967
2020-07-30,Thursday,84645,77572,79352,409983
2020-07-31,Friday,83167,81602,82593,453334
2020-08-01,Saturday,10515,18918,18405,76561
2020-08-02,Sunday,28707,57892,51921,225167
2020-08-03,Monday,14895,14554,15849,71446
2020-08-04,Tuesday,18858,18978,22113,95954
2020-08-05,Wednesday,18995,18674,22587,96583
2020-08-06,Thursday,19258,19960,23239,99805
2020-08-07,Friday,18561,21826,24431,103846
2020-08-08,Saturday,10564,18977,17698,77228
2020-08-09,Sunday,6790,16305,15100,59765
2020-08-10,Monday,24933,30056,33180,139745
2020-08-12,Wednesday,19396,18834,22229,96495
2020-08-13,Thursday,27452,31093,35151,150080
2020-08-14,Friday,18729,20660,24403,102285
2020-08-15,Saturday,10695,20160,17840,78808
2020-08-16,Sunday,28171,59180,53634,226189
2020-08-17,Monday,19171,18634,21391,94845
2020-08-18,Tuesday,19426,17285,22082,95031
2020-08-19,Wednesday,20485,18548,22435,99122
2020-08-20,Thursday,19394,19313,24312,100327
2020-08-21,Friday,18667,21241,24498,102182
2020-08-22,Saturday,10135,18597,17336,74652
2020-08-23,Sunday,6729,16902,15549,60780
2020-08-24,Monday,18651,17970,21269,92527
2020-08-25,Tuesday,19962,18596,22159,97180
2020-08-26,Wednesday,19182,23320,27717,110934
2020-08-27,Thursday,19752,22693,23437,103190
2020-08-28,Friday,19585,25144,26761,115965
2020-08-29,Saturday,10314,18965,17663,74746
2020-08-30,Sunday,6174,16276,15125,57402
2020-08-31,Monday,20010,18796,22088,96639
2020-09-01,Tuesday,68577,55780,58944,314469
2020-09-02,Wednesday,10197,9507,10894,50144
2020-09-03,Thursday,24478,26450,29954,129733
2020-09-04,Friday,19372,23042,25789,108733
2020-09-05,Saturday,11002,18899,17952,77944
2020-09-06,Sunday,6789,16352,15514,61425
2020-09-07,Monday,7795,16966,15377,62143
2020-09-08,Tuesday,25454,29448,32759,137449
2020-09-09,Wednesday,26567,29330,33831,142392
2020-09-10,Thursday,26636,30532,35043,146587
2020-09-11,Friday,20596,27335,31361,127839
2020-09-12,Saturday,17919,31988,29489,128791
2020-09-13,Sunday,5906,15447,14151,54749
2020-09-14,Monday,13201,13298,15221,66887
2020-09-15,Tuesday,20493,19904,23096,100875
2020-09-16,Wednesday,20359,19516,23452,101117
2020-09-17,Thursday,20761,21791,30159,113604
2020-09-18,Friday,27483,31470,36070,153632
2020-09-19,Saturday,11100,19364,18723,79268
2020-09-20,Sunday,15088,29010,30601,116487
2020-09-21,Monday,20750,18963,22551,98892
2020-09-22,Tuesday,14423,14697,18340,74167
2020-09-23,Wednesday,73481,71675,77210,363031
2020-09-24,Thursday,74983,72350,75006,370799
2020-09-25,Friday,75759,79906,85704,405805
2020-09-26,Saturday,17717,33272,32009,134131
2020-09-27,Sunday,14998,30227,28860,114993
2020-09-28,Monday,74625,69353,71994,358726
2020-09-29,Tuesday,72885,59542,65957,335509
2020-09-30,Wednesday,20887,19678,24049,102512
2020-10-01,Thursday,27607,31793,38440,153797
2020-10-02,Friday,27299,36328,41632,165877
2020-10-03,Saturday,19376,34023,32872,139402
2020-10-04,Sunday,12691,25875,25323,96997
2020-10-05,Monday,68133,67661,72477,343424
2020-10-06,Tuesday,27345,32149,36565,150527
2020-10-07,Wednesday,27500,32075,38149,152841
2020-10-08,Thursday,27365,33730,37387,155427
2020-10-09,Friday,75521,83421,82601,404412
2020-10-10,Saturday,38065,60961,53010,250542
2020-10-11,Sunday,31888,65987,64488,256379
2020-10-12,Monday,26015,33372,36552,149387
2020-10-13,Tuesday,29265,33180,37320,157152
2020-10-14,Wednesday,28828,33540,37248,157386
2020-10-15,Thursday,29510,35023,38846,162972
2020-10-16,Friday,79789,82032,89671,422914
2020-10-17,Saturday,11300,20342,20176,82672
2020-10-18,Sunday,28571,58203,54450,224851
2020-10-19,Monday,69730,60459,64914,324976
2020-10-20,Tuesday,22484,26308,28072,121455
2020-10-21,Wednesday,30722,32844,37045,158959
2020-10-22,Thursday,80788,72165,83513,397182
2020-10-23,Friday,30216,37443,40221,172323
2020-10-24,Saturday,16585,28652,26335,115343
2020-10-25,Sunday,27656,56625,53882,220187
2020-10-26,Monday,69748,56879,63932,314849
2020-10-27,Tuesday,67667,60003,65579,324142
2020-10-28,Wednesday,68059,59714,60121,316497
2020-10-29,Thursday,60729,55737,57147,293067
2020-10-30,Friday,63109,60629,64240,322239
2020-10-31,Saturday,8160,13834,12748,56481
2020-11-01,Sunday,21471,51779,51030,200438
2020-11-02,Monday,62309,51437,59308,290014
2020-11-03,Tuesday,62556,53220,59983,293813
2020-11-04,Wednesday,14156,12597,15410,68077
2020-11-05,Thursday,64066,54389,52486,294256
2020-11-06,Friday,13116,14392,17475,72561
2020-11-07,Saturday,8033,13597,13324,56495
2020-11-08,Sunday,12292,20967,20373,84152
2020-11-09,Monday,21635,23911,26644,113769
2020-11-10,Tuesday,71257,63924,66801,337242
2020-11-11,Wednesday,55971,52824,55874,277993
2020-11-12,Thursday,69898,66094,71942,348202
2020-11-13,Friday,69911,72120,77983,371348
2020-11-14,Saturday,39063,56220,53320,247988
2020-11-15,Sunday,12101,23391,22302,90690
2020-11-16,Monday,70733,62822,65114,331780
2020-11-17,Tuesday,69869,61369,67282,332828
2020-11-18,Wednesday,61392,52686,57696,290953
2020-11-19,Thursday,66827,63311,69752,336136
2020-11-20,Friday,62360,58708,64240,317266
2020-11-21,Saturday,48588,68857,65076,306595
2020-11-22,Sunday,34598,59964,53121,239220
2020-11-23,Monday,58428,51362,52985,273690
2020-11-24,Tuesday,59479,52729,50122,279726
2020-11-25,Wednesday,55111,55476,53043,280671
2020-11-26,Thursday,21320,38426,36105,162368
2020-11-27,Friday,31757,44952,40976,190862
2020-11-28,Saturday,31576,51589,49653,216797
2020-11-29,Sunday,25354,48126,40882,184831
2020-11-30,Monday,55326,42477,44947,247299
2020-12-01,Tuesday,9420,9840,11182,48564
2020-12-02,Wednesday,53998,49018,51547,262088
2020-12-03,Thursday,54847,46519,45953,257083
2020-12-04,Friday,17792,25219,28393,114448
2020-12-05,Saturday,37129,55708,53882,243099
2020-12-06,Sunday,22812,44877,42259,176543
2020-12-07,Monday,60498,51672,54566,280692
2020-12-08,Tuesday,60727,51855,55935,285456
2020-12-09,Wednesday,61350,52101,55997,288503
2020-12-10,Thursday,62100,53105,57380,294105
2020-12-11,Friday,60682,57989,62619,308215
2020-12-12,Saturday,35576,55305,53304,238466
2020-12-13,Sunday,23332,49757,46047,188013
2020-12-14,Monday,12306,12657,14152,62463
2020-12-15,Tuesday,12620,12718,14577,64305
2020-12-16,Wednesday,12424,12409,14590,63630
2020-12-17,Thursday,19013,21962,25899,104352
2020-12-18,Friday,23495,33612,40161,154257
2020-12-19,Saturday,48484,79270,73918,330869
2020-12-20,Sunday,5408,16021,16179,57902
2020-12-21,Monday,64150,63100,65043,320856
2020-12-22,Tuesday,65321,65372,67735,331579
2020-12-23,Wednesday,61907,65602,66841,325459
2020-12-24,Thursday,36114,58968,47724,234621
2020-12-25,Friday,12794,35487,35082,133456
2020-12-26,Saturday,25228,50917,48421,196054
2020-12-27,Sunday,22104,51100,48179,190476
2020-12-28,Monday,57189,58204,60094,290377
2020-12-29,Tuesday,57761,59178,61629,295410
2020-12-30,Wednesday,59506,62862,64287,310292
2020-12-31,Thursday,7727,14249,15481,59036
2021-01-01,Friday,2541,6565,5411,21825
2021-01-02,Saturday,4387,8272,6961,29568
2021-01-03,Sunday,3032,7252,5893,23749
2021-01-04,Monday,54678,49145,48328,258322
2021-01-05,Tuesday,8797,7798,8688,40349
2021-01-06,Wednesday,9032,7842,8499,40518
2021-01-07,Thursday,56046,47514,48595,258015
2021-01-08,Friday,52240,50335,52030,261053
2021-01-09,Saturday,32387,48766,45069,206466
2021-01-10,Sunday,21916,41990,39909,164138
2021-01-11,Monday,53381,42704,42339,235901
2021-01-12,Tuesday,56054,46978,49395,257451
2021-01-13,Wednesday,56400,46942,49522,259669
2021-01-14,Thursday,56920,48165,49900,264099
2021-01-15,Friday,57691,52873,56434,281578
2021-01-16,Saturday,32407,49606,44861,207201
2021-01-17,Sunday,21246,45291,40670,167103
2021-01-18,Monday,51214,50530,49157,250267
2021-01-19,Tuesday,53839,47185,49025,255326
2021-01-20,Wednesday,57346,45741,49854,259500
2021-01-21,Thursday,9642,7748,8782,42111
2021-01-22,Friday,2914,3541,4531,17085
2021-01-23,Saturday,34393,48258,47476,216328
2021-01-24,Sunday,21098,43618,36355,160503
2021-01-25,Monday,6222,4172,4341,24209
2021-01-26,Tuesday,6395,4581,4921,25995
2021-01-27,Wednesday,6316,4575,4890,25714
2021-01-28,Thursday,49797,45178,46579,239249
2021-01-29,Friday,57518,52776,56212,281128
2021-01-30,Saturday,32578,49848,46144,211156
2021-01-31,Sunday,1206,3170,2617,10173
2021-02-01,Monday,6168,4132,4320,24125
2021-02-02,Tuesday,6306,4587,4736,25493
2021-02-03,Wednesday,6662,4755,5088,26757
2021-02-04,Thursday,6385,4775,5116,26341
2021-02-05,Friday,6338,5563,5812,28190
2021-02-06,Saturday,3942,5015,4453,20870
2021-02-07,Sunday,1814,3942,3021,13504
2021-02-08,Monday,6843,4587,4904,26633
2021-02-09,Tuesday,6625,4679,5040,26572
2021-02-10,Wednesday,6605,4796,5090,26885
2021-02-11,Thursday,5237,4132,4231,22094
2021-02-12,Friday,5757,5310,5682,26644
2021-02-13,Saturday,3212,4506,3593,17705
2021-02-14,Sunday,1464,3212,1914,9629
2021-02-18,Thursday,835,1038,952,4436
2021-02-20,Saturday,2599,3723,3034,14601
2021-02-21,Sunday,1921,3911,3298,13535
2021-02-22,Monday,6254,4884,4992,26086
2021-02-23,Tuesday,7135,5068,5292,28717
2021-02-24,Wednesday,7206,5000,5417,28985
2021-02-25,Thursday,7069,5186,5514,29200
2021-03-01,Monday,6859,4697,4894,27020
2021-03-04,Thursday,7089,4727,5852,28919
2021-03-05,Friday,6922,5833,6292,30560
2021-03-06,Saturday,4763,5471,4765,24086
2021-03-07,Sunday,2502,4984,4364,17470
2021-03-08,Monday,7097,4942,5191,28182
2021-03-09,Tuesday,7233,4837,5408,28670
2021-03-10,Wednesday,7189,5230,5482,29253
2021-03-16,Tuesday,6460,5009,5218,27272
2021-03-17,Wednesday,6026,4527,4229,24450
2021-03-18,Thursday,6475,4995,5244,27474
2021-03-19,Friday,6364,5955,6171,30081
2021-03-20,Saturday,4135,5596,5434,24039
2021-03-21,Sunday,2502,5554,4854,19116
2021-03-22,Monday,7411,4916,5277,29157
2021-03-23,Tuesday,7054,4895,5337,28319
2021-03-24,Wednesday,7276,5208,5768,29863
2021-03-25,Thursday,6273,4641,3825,24488
2021-03-26,Friday,7192,6478,7313,33787
2021-03-28,Sunday,2626,5201,4541,18318
2021-03-29,Monday,7158,5149,5422,29024
2021-03-30,Tuesday,6815,5215,5740,28761
2021-03-31,Wednesday,6684,5149,5208,27922
2021-04-01,Thursday,7410,5801,6423,31897
2021-04-02,Friday,6163,6715,6206,30360
2021-04-03,Saturday,4536,5990,5051,24828
2021-04-05,Monday,10046,9507,9329,46001
2021-04-06,Tuesday,11118,9194,9233,48170
2021-04-07,Wednesday,10813,9169,9338,47576
2021-04-08,Thursday,10572,9573,9618,48333
2021-04-09,Friday,10465,10394,11051,51048
2021-04-10,Saturday,16359,22587,20175,96977
2021-04-11,Sunday,1976,3537,2878,12643
2021-04-12,Monday,10521,8907,8957,46109
2021-04-13,Tuesday,18366,18605,18952,89454
2021-04-14,Wednesday,18403,18100,18598,88299
2021-04-15,Thursday,10597,9407,9909,48408
2021-04-16,Friday,10544,10297,11376,51449
2021-04-17,Saturday,7238,9878,8547,40538
2021-04-18,Sunday,13286,19449,18187,80313
2021-04-19,Monday,9370,13070,13315,56031
2021-04-20,Tuesday,17488,19047,19504,89220
2021-04-21,Wednesday,15976,18167,18821,83918
2021-04-22,Thursday,16952,19399,21157,91914
2021-04-23,Friday,17385,22171,23265,101160
2021-04-24,Saturday,12124,21585,20507,86681
2021-04-25,Sunday,4700,8920,7807,32364
2021-04-26,Monday,19002,18697,19578,91766
2021-04-27,Tuesday,16817,18180,18169,85494
2021-04-28,Wednesday,9218,12192,13282,54918
2021-04-29,Thursday,9353,13741,13806,57844
2021-04-30,Friday,10923,15542,16884,70923
2021-05-01,Saturday,11056,17699,17028,74594
2021-05-02,Sunday,9309,15328,13481,59672
2021-05-03,Monday,9278,13189,13040,55436
2021-05-04,Tuesday,15187,17412,17308,78662
2021-05-05,Wednesday,10831,9389,9769,48455
2021-05-06,Thursday,11346,9684,10088,50408
2021-05-07,Friday,10492,11100,12285,54144
2021-05-08,Saturday,8160,10854,9430,44899
2021-05-09,Sunday,2129,3459,2657,12461
2021-05-10,Monday,9102,13430,13497,55929
2021-05-11,Tuesday,10457,8874,9126,46533
2021-05-12,Wednesday,10346,8659,8879,45665
2021-05-13,Thursday,7350,5224,5596,29981
2021-05-14,Friday,10236,10169,10588,50453
2021-05-15,Saturday,7579,9884,8648,41981
2021-05-16,Sunday,4657,8735,7869,31872
2021-05-17,Monday,17680,19314,19969,91616
2021-05-18,Tuesday,17023,19901,20261,90233
2021-05-19,Wednesday,17947,19931,20662,93815
2021-05-20,Thursday,18090,20729,21529,97718
2021-05-21,Friday,18423,22562,24185,106102
2021-05-22,Saturday,15152,22939,22169,98214
2021-05-23,Sunday,12368,21051,19481,83194
2021-05-24,Monday,17932,20060,20424,93819
2021-05-25,Tuesday,17921,20626,21630,96839
2021-05-26,Wednesday,17782,20491,20707,96077
2021-05-27,Thursday,18372,21487,22865,101267
2021-05-28,Friday,17564,22730,22927,102406
2021-05-29,Saturday,7083,9360,7846,38634
2021-05-30,Sunday,4537,8087,7015,30420
2021-05-31,Monday,4835,7863,6901,30468
2021-07-01,Thursday,18513,21532,21370,99341
2021-07-02,Friday,9909,11115,10314,50589
2021-07-03,Saturday,7195,8865,7403,39133
2021-07-04,Sunday,3997,7116,5713,27550
2021-07-05,Monday,5999,8654,7276,34160
2021-07-06,Tuesday,10334,9232,8680,45950
2021-07-07,Wednesday,18217,22380,21546,101436
2021-07-08,Thursday,10198,9327,8879,46154
2021-07-09,Friday,18286,22977,23221,106229
2021-07-10,Saturday,14970,22515,21391,96869
2021-07-11,Sunday,8840,15857,15996,64787
2021-07-12,Monday,18301,21976,21674,100013
2021-07-13,Tuesday,18524,22407,21576,101474
2021-07-14,Wednesday,19188,22306,22567,104473
2021-07-15,Thursday,20088,22826,22945,108188
2021-07-16,Friday,10632,10684,10737,51834
2021-07-17,Saturday,6769,9070,7727,38001
2021-07-18,Sunday,4522,8311,6902,29884
2021-07-19,Monday,10644,8985,8440,45965
2021-07-20,Tuesday,10809,8894,9196,47305
2021-07-21,Wednesday,10827,9091,9384,47761
2021-07-22,Thursday,2912,3731,3554,16257
2021-07-23,Friday,10183,10226,10784,50109
2021-07-24,Saturday,6454,8513,7687,36942
2021-07-25,Sunday,4019,8533,7756,30428
2021-07-26,Monday,10023,8992,8808,44857
2021-07-27,Tuesday,10578,8904,9129,46816
2021-07-28,Wednesday,10793,9187,9573,48301
2021-07-29,Thursday,10977,9651,10020,50161
2021-07-30,Friday,10156,11528,11180,52398
2021-07-31,Saturday,6525,8924,8103,38340
2021-08-01,Sunday,28802,59498,53475,227510
2021-08-02,Monday,68627,58783,64749,322064
2021-08-03,Tuesday,70266,63943,74153,353912
2021-08-04,Wednesday,67629,60028,68387,332105
2021-08-05,Thursday,66996,61527,67679,331298
2021-08-06,Friday,67546,66636,71114,350401
2021-08-07,Saturday,42177,62605,60129,280414
2021-08-08,Sunday,6484,17603,16663,64397
2021-08-09,Monday,66827,57779,63730,314780
2021-08-10,Tuesday,70457,58412,65168,328604
2021-08-11,Wednesday,69957,59471,65924,331831
2021-08-12,Thursday,66814,57716,63600,319948
2021-08-13,Friday,69744,60354,70963,345923
2021-08-14,Saturday,45166,66346,62637,296551
2021-08-15,Sunday,29768,59450,52781,229650
2021-08-16,Monday,74763,61457,66257,344498
2021-08-17,Tuesday,76117,62846,71518,356427
2021-08-18,Wednesday,68701,57135,63898,319063
2021-08-19,Thursday,73636,63506,71628,353597
2021-08-20,Friday,73154,69024,76466,374815
2021-08-21,Saturday,38347,61268,58529,262601
2021-08-22,Sunday,29530,59793,54345,232197
2021-08-23,Monday,74293,60983,66785,341345
2021-08-24,Tuesday,75963,60875,70235,350772
2021-08-25,Wednesday,74152,61319,70341,349525
2021-08-26,Thursday,73813,62771,71115,352856
2021-08-27,Friday,72043,67510,75574,365200
2021-08-28,Saturday,44708,63842,62888,290876
2021-08-29,Sunday,29645,58337,55065,227879
2021-08-30,Monday,74526,60594,62190,330947
2021-08-31,Tuesday,55788,52739,58553,278179
2021-09-01,Wednesday,56382,48359,48572,262491
2021-09-02,Thursday,57158,48286,50287,268522
2021-09-03,Friday,56675,53508,55086,285617
2021-09-04,Saturday,36897,48278,45166,221810
2021-09-05,Sunday,24722,52481,40530,190267
2021-09-06,Monday,28293,52018,45234,202299
2021-09-07,Tuesday,56693,45400,47580,254767
2021-09-08,Wednesday,54410,46636,49062,253418
2021-09-09,Thursday,56838,47891,51073,263941
2021-09-10,Friday,52005,47191,48843,255134
2021-09-11,Saturday,39318,48539,47320,230096
2021-09-12,Sunday,28497,42946,40893,184485
2021-09-13,Monday,58299,46360,47805,260573
2021-09-14,Tuesday,57284,45798,47874,258030
2021-09-15,Wednesday,54664,46619,48666,255572
2021-09-16,Thursday,58539,47531,51040,269242
2021-09-17,Friday,56162,50045,51709,275645
2021-09-18,Saturday,41998,48670,48752,239729
2021-09-19,Sunday,22189,31736,43446,157664
2021-09-20,Monday,42258,31978,38341,192529
2021-09-21,Tuesday,49799,40136,42413,225001
2021-09-22,Wednesday,54377,44623,46987,252065
2021-09-23,Thursday,58196,48135,52065,274265
2021-09-24,Friday,52381,53889,56358,282075
2021-09-25,Saturday,8579,42785,40945,142985
2021-09-26,Sunday,29676,46712,41985,194148
2021-09-27,Monday,57214,47070,47774,258247
2021-09-28,Tuesday,57343,46746,45250,257937
2021-09-29,Wednesday,57238,47093,51458,265102
2021-09-30,Thursday,53124,45359,48275,250612
2021-10-01,Friday,55117,53430,56311,276408
2021-10-02,Saturday,43976,57382,51994,262643
2021-10-03,Sunday,24644,42664,38758,171731
2021-10-04,Monday,57151,47929,48226,259058
2021-10-05,Tuesday,63120,51580,51789,283882
2021-10-06,Wednesday,52970,44145,44741,239864
2021-10-07,Thursday,52948,45550,48616,251629
2021-10-08,Friday,56999,54162,54083,284872
2021-10-09,Saturday,39038,52958,50693,237682
2021-10-10,Sunday,26727,47380,43714,188495
2021-10-11,Monday,48401,36892,39030,214810
2021-10-12,Tuesday,45059,35986,36352,202722
2021-10-13,Wednesday,44168,35343,37476,200461
2021-10-14,Thursday,37729,31067,33980,179339
2021-10-15,Friday,47346,45096,46384,237367
2021-10-16,Saturday,38779,52455,51293,237622
2021-10-17,Sunday,26280,49867,47801,200106
2021-10-18,Monday,46830,41780,44917,227088
2021-10-19,Tuesday,50889,41599,45232,238978
2021-10-20,Wednesday,11202,9429,10125,49469
2021-10-21,Thursday,11808,9626,10565,51490
2021-10-22,Friday,64780,58236,61432,318081
2021-10-23,Saturday,44084,57722,56041,266904
2021-10-24,Sunday,4475,9119,8304,32453
2021-10-25,Monday,10486,9644,8788,46177
2021-10-26,Tuesday,11134,8938,10076,48915
2021-10-27,Wednesday,11300,9212,9952,49352
2021-10-28,Thursday,10160,9315,9885,46950
2021-10-29,Friday,58695,59803,60324,304176
2021-10-30,Saturday,37240,54099,50900,242622
2021-10-31,Sunday,27357,50091,45529,203207
2021-11-01,Monday,59740,48721,50337,270821
2021-11-02,Tuesday,52809,41959,44303,240244
2021-11-03,Wednesday,55424,43540,46947,249709
2021-11-04,Thursday,57087,51006,47579,268009
2021-11-05,Friday,56735,54944,50358,280686
2021-11-06,Saturday,43904,53827,47326,243235
2021-11-07,Sunday,28767,54586,46279,200207
2021-11-08,Monday,54180,42213,43787,240436
2021-11-09,Tuesday,42564,32595,34805,192240
2021-11-10,Wednesday,48626,39176,42098,226594
2021-11-11,Thursday,59576,43862,47459,264039
2021-11-12,Friday,60481,53723,55922,292442
2021-11-13,Saturday,41181,53154,50607,242283
2021-11-14,Sunday,31519,47524,43445,200430
2021-11-15,Monday,60266,47189,49873,268012
2021-11-16,Tuesday,56396,47284,48765,262754
2021-11-17,Wednesday,59377,48190,52098,273688
2021-11-18,Thursday,52920,50143,51558,260184
2021-11-19,Friday,57420,55143,57217,291652
2021-11-20,Saturday,42386,54612,51526,249829
2021-11-21,Sunday,31696,46605,38032,193701
2021-11-22,Monday,60035,50684,50569,274136
2021-11-23,Tuesday,61166,51573,54765,288494
2021-11-24,Wednesday,57586,56618,50410,284316
2021-11-25,Thursday,22165,38347,34724,163391
2021-11-26,Friday,31185,49140,44602,202594
2021-11-27,Saturday,33721,51394,48734,222031
2021-11-28,Sunday,30589,48783,44254,202024
2021-11-29,Monday,54582,48403,49110,257747
2021-11-30,Tuesday,59636,48001,51278,271225
2021-12-01,Wednesday,64572,51406,51512,289717
2021-12-02,Thursday,61718,51490,56900,289916
2021-12-03,Friday,60063,57504,60369,304378
2021-12-04,Saturday,41984,55429,51910,249756
2021-12-05,Sunday,28092,52089,44430,197301
2021-12-06,Monday,55769,50953,51545,263382
2021-12-07,Tuesday,60849,51646,55579,284346
2021-12-08,Wednesday,63531,51933,55122,289300
2021-12-09,Thursday,63917,53673,56498,295639
2021-12-10,Friday,59455,55838,59198,298175
2021-12-11,Saturday,35513,56292,54516,238475
2021-12-12,Sunday,30544,51814,47068,208272
2021-12-13,Monday,61791,53098,52144,281465
2021-12-14,Tuesday,63149,54262,53125,291477
2021-12-15,Wednesday,62451,54671,56945,294923
2021-12-16,Thursday,69095,64546,63999,335277
2021-12-17,Friday,62078,67523,68992,343034
2021-12-18,Saturday,37339,72696,66076,286514
2021-12-19,Sunday,33893,65704,61607,256708
2021-12-20,Monday,67888,68936,67444,341046
2021-12-21,Tuesday,68123,69854,68145,345424
2021-12-22,Wednesday,67252,70435,67466,345519
2021-12-23,Thursday,60733,71312,70658,338989
2021-12-24,Friday,37091,63199,55636,254883
2021-12-25,Saturday,13966,36845,36712,141031
2021-12-26,Sunday,23640,49353,43924,182936
2021-12-27,Monday,49326,51992,47187,248522
2021-12-28,Tuesday,56344,51164,47693,263886
2021-12-29,Wednesday,54274,52356,43465,257110
2021-12-30,Thursday,54808,59612,52618,282424
2021-12-31,Friday,36509,53513,45786,228121
2022-01-01,Saturday,18855,37850,30617,149306
2022-01-02,Sunday,31282,46487,34914,185291
2022-01-03,Monday,45558,48728,45381,230717
2022-01-04,Tuesday,60165,50783,49732,274608
2022-01-05,Wednesday,54658,46039,46758,250256
2022-01-06,Thursday,1532,992,590,6084
2022-01-07,Friday,10454,21638,21704,83013
2022-01-08,Saturday,4189,8253,6119,27855
2022-01-09,Sunday,3112,6069,4985,21355
2022-01-10,Monday,10130,8662,8568,44076
2022-01-11,Tuesday,48391,38872,41325,217447
2022-01-12,Wednesday,48569,39686,40651,218628
2022-01-13,Thursday,10670,8773,9107,46292
2022-01-14,Friday,61782,56009,60303,304131
2022-01-15,Saturday,36989,53168,47966,225509
2022-01-17,Monday,4235,6212,5152,23664
2022-01-18,Tuesday,9363,8478,8380,42214
2022-01-19,Wednesday,52791,42871,42677,233756
2022-01-20,Thursday,8721,7872,8480,40031
2022-01-21,Friday,52442,48164,52032,256841
2022-01-22,Saturday,5569,9009,6438,33078
2022-01-23,Sunday,3597,7486,6266,25422
2022-01-24,Monday,55474,43454,45006,243821
2022-01-25,Tuesday,47817,38508,39756,214659
2022-01-26,Wednesday,61508,48520,52162,273161
2022-01-27,Thursday,7572,5165,7087,31777
2022-01-28,Friday,2991,4135,3495,16619
2022-01-29,Saturday,2254,3755,2939,13724
2022-01-30,Sunday,1791,3238,2315,10869
2022-04-01,Friday,28688,37684,47609,189367
2022-04-02,Saturday,16748,37761,38919,152831
2022-04-03,Sunday,12301,32915,33714,126197
2022-04-04,Monday,29004,31192,40556,166145
2022-04-05,Tuesday,32041,37203,42374,182989
2022-04-06,Wednesday,26995,30007,36181,154069
2022-04-07,Thursday,25550,31175,38606,158471
2022-04-08,Friday,32001,34927,44168,186493
2022-04-09,Saturday,13478,27539,29406,116412
2022-04-10,Sunday,14729,33946,35050,135367
2022-04-11,Monday,22008,24216,24419,114507
2022-04-12,Tuesday,24819,29012,35658,147044
2022-04-13,Wednesday,24291,25888,34342,138420
2022-04-14,Thursday,23832,29714,36779,149344
2022-04-15,Friday,19159,32726,36611,143071
2022-04-16,Saturday,11015,29400,30911,115533
2022-04-17,Sunday,9496,23926,24372,92554
2022-04-18,Monday,22605,24129,32549,128797
2022-04-19,Tuesday,24418,25859,34890,140384
2022-04-20,Wednesday,24264,24582,35240,139753
2022-04-21,Thursday,24269,26893,36579,145324
2022-04-22,Friday,24045,30533,39389,155478
2022-04-23,Saturday,13836,28668,31624,123027
2022-04-24,Sunday,10505,25491,26616,100851
2022-04-25,Monday,23556,23507,30084,127070
2022-04-26,Tuesday,23227,24097,32469,131007
2022-04-27,Wednesday,32442,34724,44204,184987
2022-04-28,Thursday,32776,36758,46425,191390
2022-04-29,Friday,31355,39326,46978,195732
2022-04-30,Saturday,19856,40304,40858,166920
2022-05-01,Sunday,12474,28749,27292,110327
2022-05-02,Monday,31445,33325,41437,175459
2022-05-03,Tuesday,29945,35377,41195,175077
2022-05-04,Wednesday,32613,35581,43703,186417
2022-05-05,Thursday,32298,36869,45833,189685
2022-05-06,Friday,30081,38686,47710,193340
2022-05-07,Saturday,16348,35609,34624,139621
2022-05-08,Sunday,12875,32649,31721,121051
2022-05-09,Monday,26738,27263,34599,147082
2022-05-10,Tuesday,21494,19931,26459,115435
2022-05-11,Wednesday,32286,35418,43213,185148
2022-05-12,Thursday,33391,38116,45628,194001
2022-05-13,Friday,33507,40221,49337,204832
2022-05-14,Saturday,20940,42370,42974,175082
2022-05-15,Sunday,16375,36789,35975,143419
2022-05-16,Monday,31811,34493,42148,178555
2022-05-17,Tuesday,23851,22408,30678,129984
2022-05-18,Wednesday,21636,26145,33126,134528
2022-05-19,Thursday,29495,33586,42204,175555
2022-05-20,Friday,33138,40412,48704,203433
2022-05-21,Saturday,20066,39483,41165,164585
2022-05-22,Sunday,12330,30135,28279,113859
2022-05-23,Monday,26069,28761,33442,144570
2022-05-24,Tuesday,32313,36730,43417,186156
2022-05-25,Wednesday,32406,37357,43062,186051
2022-05-26,Thursday,30481,38679,42778,183620
2022-05-27,Friday,28927,42785,46600,194747
2022-05-28,Saturday,19073,38612,39419,160260
2022-05-29,Sunday,14056,26971,25880,109815
2022-05-30,Monday,15264,23984,22222,100270
2022-05-31,Tuesday,14483,15441,16371,75449
2022-06-01,Wednesday,18489,20170,20484,96734
2022-06-02,Thursday,17624,20528,20342,94770
2022-06-03,Friday,17225,22289,22756,102044
2022-06-04,Saturday,14689,23463,23197,99535
2022-06-05,Sunday,11289,21980,20258,83414
2022-06-06,Monday,26605,30388,35415,152063
2022-06-07,Tuesday,26231,31798,36710,156174
2022-06-08,Wednesday,26576,32712,37456,159336
2022-06-09,Thursday,27079,33901,38484,164951
2022-06-10,Friday,26260,36265,40582,170229
2022-06-11,Saturday,17317,33055,33765,140763
2022-06-12,Sunday,13339,30654,29795,119716
2022-06-13,Monday,26465,30549,36960,155513
2022-06-14,Tuesday,26866,32027,38282,160268
2022-06-15,Wednesday,27074,32201,37533,160485
2022-06-16,Thursday,26993,32499,38677,163020
2022-06-17,Friday,26237,37063,40107,170656
2022-06-18,Saturday,17595,34601,35315,144800
2022-06-19,Sunday,13185,30639,30413,120219
2022-06-20,Monday,23773,32991,34961,150043
2022-06-21,Tuesday,26813,32475,38238,160558
2022-06-22,Wednesday,27499,33257,38682,164642
2022-06-23,Thursday,27305,35262,39824,169078
2022-06-24,Friday,26039,37374,41840,174346
2022-06-25,Saturday,17298,34003,34992,143576
2022-06-26,Sunday,12619,29725,29294,115969
2022-06-27,Monday,24854,31518,36162,152693
2022-06-28,Tuesday,27008,31941,37146,159959
2022-06-29,Wednesday,26882,33140,38572,163723
2022-06-30,Thursday,27113,34397,37550,164540
2022-07-01,Friday,25183,37592,40454,169678
2022-07-02,Saturday,15964,32177,31280,132416
2022-07-03,Sunday,11888,28741,28751,113973
2022-07-04,Monday,12047,25994,25549,108358
2022-07-05,Tuesday,24406,32040,36473,154886
2022-07-06,Wednesday,25844,32992,36077,156587
2022-07-07,Thursday,13557,18150,18789,81499
2022-07-08,Friday,25170,36140,39761,165537
2022-07-09,Saturday,15249,34352,33274,134703
2022-07-10,Sunday,11802,28686,29584,112195
2022-07-11,Monday,24897,30894,36218,152101
2022-07-12,Tuesday,27123,31900,36757,158886
2022-07-13,Wednesday,25699,33905,39460,162803
2022-07-14,Thursday,27212,33908,39483,167123
2022-07-15,Friday,25613,36566,41886,172335
2022-07-16,Saturday,20174,38640,40266,166000
2022-07-17,Sunday,15422,34223,34067,136757
2022-07-18,Monday,30257,36710,40929,178435
2022-07-19,Tuesday,31758,37679,44439,189251
2022-07-20,Wednesday,31464,39394,45446,193685
2022-07-21,Thursday,30591,39262,46244,192448
2022-07-22,Friday,25783,36732,41259,171749
2022-07-23,Saturday,20478,38699,39234,164776
2022-07-24,Sunday,15777,34726,34095,138941
2022-07-25,Monday,29619,32814,41976,173917
2022-07-26,Tuesday,30973,35557,43850,183287
2022-07-27,Wednesday,32382,38407,45599,193421
2022-07-28,Thursday,31577,39384,46118,194219
2022-07-29,Friday,28987,42390,46398,196653
2022-07-30,Saturday,21033,39873,41061,169616
2022-07-31,Sunday,14697,35258,34000,137237
2022-08-01,Monday,29718,36372,42111,178764
2022-08-02,Tuesday,31664,37139,44165,189025
2022-08-03,Wednesday,14801,17111,18378,81834
2022-08-04,Thursday,30893,38814,44801,191073
2022-08-05,Friday,14144,19052,19939,86395
2022-08-06,Saturday,10949,18712,17805,78557
2022-08-07,Sunday,8722,16590,15824,66056
2022-08-08,Monday,29396,31292,40158,167198
2022-08-09,Tuesday,30308,32055,41682,171338
2022-08-10,Wednesday,29948,33238,40862,171525
2022-08-11,Thursday,29561,34009,43313,176631
2022-08-12,Friday,22842,28211,30865,135836
2022-08-13,Saturday,18128,27744,27275,122398
2022-08-14,Sunday,13799,24747,22974,98819
2022-08-15,Monday,16687,15030,15038,78361
2022-08-16,Tuesday,22469,25221,26099,120295
2022-08-17,Wednesday,36874,36263,44937,190199
2022-08-18,Thursday,36643,37742,45991,193670
2022-08-19,Friday,35672,42822,47042,202741
2022-08-20,Saturday,21599,37561,37924,160499
2022-08-21,Sunday,15982,33696,30562,128076
2022-08-22,Monday,35351,34931,41274,179654
2022-08-23,Tuesday,36636,35844,43667,186839
2022-08-24,Wednesday,35655,36320,44388,187044
2022-08-25,Thursday,37253,39149,46685,198661
2022-08-26,Friday,36370,42091,47646,204327
2022-08-27,Saturday,21992,39596,38730,163617
2022-08-28,Sunday,17248,33537,29508,129162
2022-08-29,Monday,34749,33743,38865,171806
2022-08-30,Tuesday,29702,28964,35052,148654
2022-08-31,Wednesday,22464,17662,24042,103014
2022-09-01,Thursday,36222,38142,42403,188701
2022-09-02,Friday,32797,43359,44820,195974
2022-09-03,Saturday,20493,37818,36276,155606
2022-09-04,Sunday,16778,36626,32383,138759
2022-09-05,Monday,17743,31724,28538,124057
2022-09-06,Tuesday,36802,36251,40666,181807
2022-09-07,Wednesday,36790,36573,43081,187125
2022-09-08,Thursday,37669,37935,44656,194385
2022-09-09,Friday,36108,40067,45242,198045
2022-09-10,Saturday,20485,36591,35517,151319
2022-09-11,Sunday,16539,34599,29048,127860
2022-09-12,Monday,35521,36433,42869,182274
2022-09-13,Tuesday,37082,37073,43679,188057
2022-09-14,Wednesday,36859,37465,44781,190607
2022-09-15,Thursday,79468,82471,92049,425411
2022-09-16,Friday,79476,88438,92851,441114
2022-09-17,Saturday,43098,62483,61156,296351
2022-09-18,Sunday,40063,77208,75185,315482
2022-09-19,Monday,78813,78599,81381,397929
2022-09-20,Tuesday,77718,78821,84044,403809
2022-09-21,Wednesday,79808,78713,88906,415791
2022-09-22,Thursday,79059,77336,90168,416069
2022-09-23,Friday,79499,88849,95769,446362
2022-09-24,Saturday,52536,82719,80177,367238
2022-09-25,Sunday,41057,75875,72861,310768
2022-09-26,Monday,78852,79463,87609,408685
2022-09-27,Tuesday,72343,75893,81175,382237
2022-09-28,Wednesday,74400,75928,83702,389629
2022-09-29,Thursday,80123,83808,92009,428374
2022-09-30,Friday,81194,91063,96054,455420
2022-10-01,Saturday,47166,64901,58260,304651
2022-10-02,Sunday,38219,69983,76170,306862
2022-10-03,Monday,58136,58871,61345,299221
2022-10-04,Tuesday,80211,81877,89796,417471
2022-10-05,Wednesday,80377,82052,90094,421584
2022-10-06,Thursday,77901,85074,94769,429889
2022-10-07,Friday,76207,93471,96361,452235
2022-10-08,Saturday,54716,87750,82376,388347
2022-10-09,Sunday,38374,74220,71700,303019
2022-10-10,Monday,75046,81386,86341,401790
2022-10-11,Tuesday,76954,82729,86921,410667
2022-10-12,Wednesday,78117,83151,81070,403143
2022-10-13,Thursday,78186,86813,90415,427346
2022-10-14,Friday,76355,90610,93675,443160
2022-10-15,Saturday,54168,85272,79498,374808
2022-10-16,Sunday,37137,73964,69615,292326
2022-10-17,Monday,72215,75420,82110,377933
2022-10-18,Tuesday,81351,82383,90056,419578
2022-10-19,Wednesday,79812,83829,92861,423414
2022-10-20,Thursday,77713,85694,91888,423378
2022-10-21,Friday,67292,77400,78503,381374
2022-10-22,Saturday,49432,70305,72260,332325
2022-10-23,Sunday,39209,69037,68654,289849
2022-10-24,Monday,79269,78618,85446,403399
2022-10-25,Tuesday,79429,81143,80005,400490
2022-10-26,Wednesday,75588,76551,83351,392107
2022-10-27,Thursday,75729,75094,85611,398231
2022-10-28,Friday,70071,79977,85690,400067
2022-10-29,Saturday,46130,74991,74914,334603
2022-10-30,Sunday,30817,66375,59337,255186
2022-10-31,Monday,68529,67457,74348,348745
2022-11-01,Tuesday,73897,71368,80292,375475
2022-11-02,Wednesday,72250,72852,80479,374071
2022-11-03,Thursday,72019,77913,82383,380859
2022-11-04,Friday,75574,84585,86496,417705
2022-11-05,Saturday,44926,73475,69195,316470
2022-11-06,Sunday,39744,72416,65355,281434
2022-11-07,Monday,75845,73559,81176,374265
2022-11-08,Tuesday,75459,74408,77944,374033
2022-11-09,Wednesday,68084,66244,72150,341313
2022-11-10,Thursday,77056,78601,86542,403101
2022-11-11,Friday,62952,82477,84622,381857
2022-11-12,Saturday,45562,74646,72032,321600
2022-11-13,Sunday,37564,69585,69012,281941
2022-11-14,Monday,75354,72296,75141,367248
2022-11-15,Tuesday,71330,71618,78461,364332
2022-11-16,Wednesday,75148,72222,80129,379042
2022-11-17,Thursday,76569,76881,83803,395407
2022-11-18,Friday,76727,85289,90357,424452
2022-11-19,Saturday,50618,82472,78340,352884
2022-11-20,Sunday,38236,73151,67189,286394
2022-11-21,Monday,74035,78399,80463,382343
2022-11-22,Tuesday,74229,81596,86875,399053
2022-11-23,Wednesday,67006,87450,80111,387538
2022-11-24,Thursday,30230,60983,58653,247463
2022-11-25,Friday,41821,72046,70470,299050
2022-11-26,Saturday,40580,75974,73705,308597
2022-11-27,Sunday,39302,67396,65442,278638
2022-11-28,Monday,72945,70047,72937,353269
2022-11-29,Tuesday,57203,54958,50715,274227
2022-11-30,Wednesday,56561,54708,54291,278331
2022-12-01,Thursday,58678,60456,63918,307703
2022-12-02,Friday,61579,67973,68254,337426
2022-12-03,Saturday,40385,66876,64586,287204
2022-12-04,Sunday,31405,58414,54443,230838
2022-12-05,Monday,58332,57339,53966,284782
2022-12-06,Tuesday,55851,57490,60729,289383
2022-12-07,Wednesday,55851,57452,56455,286138
2022-12-08,Thursday,54602,56367,58173,289304
2022-12-09,Friday,58100,66178,67287,326263
2022-12-10,Saturday,41020,64282,64280,290481
2022-12-11,Sunday,31097,58617,56298,238753
2022-12-12,Monday,60301,59661,62362,303198
2022-12-13,Tuesday,61011,60791,63181,310628
2022-12-14,Wednesday,57195,58001,56351,290411
2022-12-15,Thursday,13491,14499,16391,71408
2022-12-16,Friday,13670,16245,17002,78798
2022-12-17,Saturday,9769,19792,19249,78183
2022-12-18,Sunday,8285,17575,16896,66812
2022-12-19,Monday,14868,17183,18467,81318
2022-12-20,Tuesday,14495,17633,18116,81287
2022-12-21,Wednesday,14299,17990,18213,81730
2022-12-22,Thursday,13422,17956,17078,77238
2022-12-23,Friday,4700,12954,13287,46613
2022-12-24,Saturday,5364,15582,15566,53176
2022-12-25,Sunday,3179,13418,13785,44630
2022-12-26,Monday,5362,11970,12146,44879
2022-12-27,Tuesday,5794,5929,5209,26809
2022-12-28,Wednesday,51930,64553,58656,297339
2022-12-29,Thursday,52125,64887,62168,304749
2022-12-30,Friday,51406,68293,66204,314114
2022-12-31,Saturday,31268,59348,57119,249056
